<?xml version="1.0" encoding="utf-8"?>
<TEI xmlns="http://www.tei-c.org/ns/1.0">
  <teiHeader>
    <fileDesc>
      <titleStmt>
        <title>Чу, пушки грянули</title>
      </titleStmt>
      <editionStmt>
        <edition>Масленова_Чу_пушки</edition>
        <respStmt>
          <resp>Editor</resp>
          <name>Вышки Студент</name>
        </respStmt>
      </editionStmt>
    </fileDesc>
  </teiHeader>
  <sourceDoc>
    <surfaceGrp>
      <surface>
        <zone>
          <line>
            <gap />
          </line>
        </zone>
      </surface>
      <surface n="Новый слой">
        <graphic url="http://textograf.ru/api/Manuscripts/034873f3-1f5a-458d-ab03-f788792e7369/f465b213-fb13-4004-aa57-8d51e9c607ff.jpg" width="1196px" height="1920px" />
        <zone>
          <line>Чу   пушки   грянули !    крылатыхъ    кораблей 			       </line>
          <line>Покрылась     облакомъ  крылатя   станица  </line>
          <line>Корабль   вбѣжалъ     въ Неву  ––  и вотъ  среди  зыбей  </line>
          <line>Качаясь ,  плаваетъ    какакъ           лебедь      молодая     </line>
          <line>Ликуетъ  русскiй    флотъ  ––  широкую  Неву          </line>
          <line>безъ вѣтра ,  въ     ясный    день    глубоко  взвол     </line>
          <line>Широкая   волна       плеснула       въ острова </line>
        </zone>
      </surface>
      <surface n="Первая правка">
        <graphic url="http://textograf.ru/api/Manuscripts/034873f3-1f5a-458d-ab03-f788792e7369/f465b213-fb13-4004-aa57-8d51e9c607ff.jpg" width="1196px" height="1920px" />
        <zone ulx="102.11132049560547" uly="214.5977783203125" lrx="102.11132049560547" lry="117.44407653808594">
          <line>Чу   </line>
        </zone>
        <zone ulx="182.05281066894531" uly="221.04148864746094" lrx="182.05281066894531" lry="134.00796508789062">
          <line>пушки   </line>
        </zone>
        <zone ulx="373.32415771484375" uly="222.05349731445312" lrx="373.32415771484375" lry="116.80365753173828">
          <line>грянули !    </line>
        </zone>
        <zone ulx="672.73907470703125" uly="180.7979736328125" lrx="672.73907470703125" lry="101.86058807373047">
          <line>крылатыхъ    </line>
        </zone>
        <zone ulx="983.42852783203125" uly="174.72586059570312" lrx="983.42852783203125" lry="85.668296813964844">
          <line>кораблей 			       </line>
        </zone>
        <zone ulx="878.1787109375" uly="207.11042785644531" lrx="878.1787109375" lry="175.73788452148437" />
        <zone ulx="55.692920684814453" uly="299.24752807617187" lrx="55.692920684814453" lry="236.50242614746094">
          <line>Покрылась     </line>
        </zone>
        <zone ulx="357.27420043945312" uly="299.24752807617187" lrx="357.27420043945312" lry="228.40628051757813">
          <line>облакомъ <add place="above">                           <del>   станица         боевая</del></add> </line>
        </zone>
        <zone ulx="657.16748046875" uly="292.4361572265625" lrx="657.16748046875" lry="232.72712707519531">
          <line>
            <del>крылат</del>
            <add place="above">
              <del>а</del>
            </add>
            <del>я</del>   </line>
        </zone>
        <zone ulx="889.93548583984375" uly="287.82278442382813" lrx="889.93548583984375" lry="216.98155212402344">
          <line>
            <del>станица  </del>
          </line>
        </zone>
        <zone ulx="64.820838928222656" uly="407.1143798828125" lrx="64.820838928222656" lry="330.20101928710937">
          <line>Корабль   </line>
        </zone>
        <zone ulx="292.52484130859375" uly="414.19851684570312" lrx="292.52484130859375" lry="325.14096069335937">
          <line>вбѣжалъ    </line>
        </zone>
        <zone ulx="518.9202880859375" uly="408.91702270507812" lrx="518.9202880859375" lry="321.88351440429687">
          <line> въ Неву  </line>
        </zone>
        <zone ulx="717.635498046875" uly="364.72427368164062" lrx="717.635498046875" lry="334.36373901367187">
          <line>––  </line>
        </zone>
        <zone ulx="785.440673828125" uly="372.8204345703125" lrx="785.440673828125" lry="319.1834716796875">
          <line>и вотъ  </line>
        </zone>
        <zone ulx="920.0390625" uly="380.91656494140625" lrx="920.0390625" lry="311.08734130859375">
          <line>среди  </line>
        </zone>
        <zone ulx="1030.3489990234375" uly="367.76034545898437" lrx="1030.3489990234375" lry="292.87103271484375">
          <line>зыбей  </line>
        </zone>
        <zone ulx="63.99462890625" uly="502.93191528320313" lrx="63.99462890625" lry="419.94644165039062">
          <line>Качаясь ,  </line>
        </zone>
        <zone ulx="287.65054321289062" uly="504.9559326171875" lrx="287.65054321289062" lry="425.00653076171875">
          <line>плаваетъ    </line>
        </zone>
        <zone ulx="545.6953125" uly="471.19961547851562" lrx="545.6953125" lry="421.61074829101562">
          <line>как<del>акъ</del>           </line>
        </zone>
        <zone ulx="788.2435302734375" uly="484.098876953125" lrx="788.2435302734375" lry="394.029296875">
          <line>
            <del>лебедь </del>     </line>
        </zone>
        <zone ulx="941.05816650390625" uly="479.03878784179687" lrx="941.05816650390625" lry="388.96920776367188">
          <line>
            <del>молодая</del>     </line>
        </zone>
        <zone ulx="94.576530456542969" uly="610.88177490234375" lrx="94.576530456542969" lry="538.0164794921875">
          <line>Ликуетъ  </line>
        </zone>
        <zone ulx="299.00411987304687" uly="598.737548828125" lrx="299.00411987304687" lry="532.9564208984375">
          <line>русскiй    </line>
        </zone>
        <zone ulx="518.18499755859375" uly="583.26873779296875" lrx="518.18499755859375" lry="524.5716552734375">
          <line>флотъ  </line>
        </zone>
        <zone ulx="668.97564697265625" uly="567.076416015625" lrx="668.97564697265625" lry="515.4635009765625">
          <line>––  </line>
        </zone>
        <zone ulx="745.88897705078125" uly="575.17254638671875" lrx="745.88897705078125" lry="502.30728149414062">
          <line>широк<del>ую</del><add place="above">ая</add>  </line>
        </zone>
        <zone ulx="1029.2777099609375" uly="576.4613037109375" lrx="1029.2777099609375" lry="481.33163452148437">
          <line>Нев<del>у</del><add place="above">а</add>          </line>
        </zone>
        <zone ulx="137.92726135253906" uly="648.2750244140625" lrx="137.92726135253906" lry="612.85443115234375" />
        <zone points="83.84756,637.6797 67.65528,707.5089 395.549,675.1243 396.561,652.8599" />
        <zone points="428.9456,614.4033 404.6572,667.0282 521.0392,668.0402 530.1474,628.5715" />
        <zone points="688.3819,575.1994 650.9372,648.0647 1054.732,620.7402 1070.925,587.3436">
          <line>
            <add place="above">
              <add place="above">
                <del>вспу</del>
                <add place="above">
                  <del>гнуло</del>
                </add>  <del>безъ</del></add>
              <del>встревожи</del>
              <add place="above">
                <del>ло</del>
              </add>             </add>
          </line>
        </zone>
        <zone ulx="100.48260498046875" uly="785.909423828125" lrx="100.48260498046875" lry="708.99609375">
          <line>безъ вѣтра <add place="above"><del>бури</del></add>,  </line>
        </zone>
        <zone ulx="458.73687744140625" uly="757.57293701171875" lrx="458.73687744140625" lry="691.79180908203125">
          <line>въ     </line>
        </zone>
        <zone ulx="535.6541748046875" uly="738.4237060546875" lrx="535.6541748046875" lry="682.7626953125">
          <line>ясный    </line>
        </zone>
        <zone ulx="672.27655029296875" uly="751.57989501953125" lrx="672.27655029296875" lry="673.654541015625">
          <line>день    </line>
        </zone>
        <zone ulx="792.7066650390625" uly="748.54388427734375" lrx="792.7066650390625" lry="652.40216064453125">
          <line>глубоко  <add place="above"><del> взволнова</del><add place="above"><del>ло</del></add></add></line>
        </zone>
        <zone ulx="1011.7254638671875" uly="763.22601318359375" lrx="1011.7254638671875" lry="634.69976806640625">
          <line>взвол<add place="above">новалась</add>     </line>
        </zone>
        <zone ulx="108.80802917480469" uly="889.11944580078125" lrx="108.80802917480469" lry="792.977783203125">
          <line>Широкая   </line>
        </zone>
        <zone ulx="378.00473022460937" uly="880.01129150390625" lrx="378.00473022460937" lry="793.98974609375">
          <line>волна       </line>
        </zone>
        <zone ulx="573.4111328125" uly="861.67242431640625" lrx="573.4111328125" lry="777.6749267578125">
          <line>плеснула       </line>
        </zone>
        <zone ulx="807.18719482421875" uly="832.32391357421875" lrx="807.18719482421875" lry="761.482666015625">
          <line>въ острова </line>
        </zone>
      </surface>
    </surfaceGrp>
  </sourceDoc>
</TEI>